Symbol,Name,Asset class,Risk,Expenseratio,Compare,Transact,SECyield,YTD,1-yr,5-yr,10-yr,Sinceinception,InvestmentMinimum,Price,Change
VBIL,0-3 Month Treasury Bill ETF,Bond - Short-term Investment,1,0.07%,VBIL,Buy,4.20%A30 day05/15/2025,—,—,—,—,0.92%(02/07/2025),$1,$75.40,positive change$0.03(0.04%)
VFIAX,500 Index Fund Admiral Shares,Stock - Large-Cap Blend,4,0.04%,VFIAX,Buy,1.31%B30 day04/30/2025,1.80%,12.05%,15.57%,12.28%,7.95%(11/13/2000),$3K,$550.61,positive change$3.90(0.71%)
VADGX,Advice Select Dividend Growth FundVANGUARD ADVISED ONLY,Stock - Large-Cap Blend,5,0.41%,VADGX,,1.19%B30 day04/30/2025,1.68%,6.35%,—,—,5.10%(11/09/2021),$0,$29.64,positive change$0.18(0.61%)
VAGVX,Advice Select Global Value FundVANGUARD ADVISED ONLY,International,5,0.40%,VAGVX,,2.15%B30 day04/30/2025,5.68%,7.94%,—,—,4.44%(11/09/2021),$0,$27.52,positive change$0.13(0.47%)
VAIGX,Advice Select International Growth FundVANGUARD ADVISED ONLY,International,5,0.40%,VAIGX,,0.05%B30 day04/30/2025,18.66%,21.47%,—,—,-5.07%(11/09/2021),$0,$22.83,positive change$0.06(0.26%)
VBPIX,Baillie Gifford Global Positive Impact Stock Fund Investor Shares,International,4,0.59%,VBPIX,Buy,0.34%B30 day04/30/2025,12.48%,9.67%,9.91%,—,11.81%(12/14/2017),$3K,$21.57,positive change$0.06(0.28%)
VBIAX,Balanced Index Fund Admiral Shares,Balanced,3,0.07%,VBIAX,Buy,2.48%B30 day04/30/2025,2.01%,10.36%,8.77%,7.77%,6.72%(11/13/2000),$3K,$48.49,positive change$0.23(0.48%)
VBAIX,Balanced Index Fund Institutional Shares,Balanced,3,0.06%,VBAIX,Buy,2.49%B30 day04/30/2025,2.01%,10.37%,8.77%,7.77%,6.84%(12/01/2000),$5M,$48.50,positive change$0.24(0.50%)
VCADX,California Intermediate-Term Tax-Exempt Fund Admiral Shares,Bond - Inter-term State Muni,2,0.09%,VCADX,Buy,3.76%A30 day05/15/2025,-0.36%,2.34%,1.44%,2.12%,3.33%(11/12/2001),$50K,$11.18,positive change$0.01(0.09%)
VCAIX,California Intermediate-Term Tax-Exempt Fund Investor Shares,Bond - Inter-term State Muni,2,0.14%,VCAIX,Buy,3.71%A30 day05/15/2025,-0.38%,2.27%,1.36%,2.03%,4.06%(03/04/1994),$3K,$11.18,positive change$0.01(0.09%)
VCLAX,California Long-Term Tax-Exempt Fund Admiral Shares,Bond - Long-term State Muni,3,0.09%,VCLAX,Buy,4.08%A30 day05/15/2025,-1.51%,1.92%,1.38%,2.48%,3.72%(11/12/2001),$50K,$11.12,positive change$0.01(0.09%)
VCITX,California Long-Term Tax-Exempt Fund Investor Shares,Bond - Long-term State Muni,3,0.14%,VCITX,Buy,4.03%A30 day05/15/2025,-1.53%,1.85%,1.30%,2.39%,5.20%(04/07/1986),$3K,$11.12,positive change$0.01(0.09%)
VCTXX,California Municipal Money Market Fund,Money Market,1,0.12%,VCTXX,Buy,2.39%C7 day05/16/2025,0.83%,2.61%,1.42%,1.09%,2.09%(06/01/1987),$3K,$1.00,$0.00(0.00%)
VTEC,California Tax-Exempt Bond ETF,Bond - Inter-term State Muni,2,0.08%,VTEC,Buy,3.72%A30 day05/15/2025,-1.33%,1.05%,—,—,0.29%(01/26/2024),$1,$97.20,positive change$0.07(0.07%)
VHCAX,Capital Opportunity Fund Admiral SharesCLOSED,Stock - Mid-Cap Growth,5,0.35%,VHCAX,,0.65%B30 day04/30/2025,0.96%,3.80%,13.88%,11.39%,11.02%(11/12/2001),Closed,$191.11,positive change$1.71(0.90%)
VHCOX,Capital Opportunity Fund Investor SharesCLOSED,Stock - Mid-Cap Growth,5,0.43%,VHCOX,,0.58%B30 day04/30/2025,0.94%,3.74%,13.81%,11.31%,12.10%(08/14/1995),Closed,$82.81,positive change$0.74(0.90%)
VMRXX,Cash Reserves Federal Money Market Fund Admiral Shares,Money Market,1,0.10%,VMRXX,Buy,4.22%C7 day05/16/2025,1.60%,4.88%,2.67%,1.98%,3.04%(10/03/1989),$3K,$1.00,$0.00(0.00%)
VCMDX,Commodity Strategy Fund Admiral Shares,Stock - Specialty,5,0.16%,VCMDX,Buy,0.98%B30 day04/30/2025,5.74%,6.17%,15.97%,—,9.71%(06/25/2019),$50K,$26.89,negative change-$0.15(-0.55%)
VOX,Communication Services ETF,Stock - Sector,5,0.09%,VOX,Buy,1.05%B30 day04/30/2025,2.88%,17.71%,12.07%,7.04%,7.90%(09/23/2004),$1,$158.99,positive change$0.97(0.61%)
VTCAX,Communication Services Index Fund Admiral Shares,Stock - Sector,5,0.09%,VTCAX,Buy,1.05%B30 day04/30/2025,2.87%,17.91%,12.11%,7.06%,7.74%(03/11/2005),$100K,$81.02,positive change$0.50(0.62%)
VCR,Consumer Discretionary ETF,Stock - Sector,5,0.09%,VCR,Buy,0.81%B30 day04/30/2025,-3.31%,9.13%,14.20%,11.72%,10.49%(01/26/2004),$1,$362.30,positive change$3.47(0.97%)
VCDAX,Consumer Discretionary Index Fund Admiral Shares,Stock - Sector,5,0.09%,VCDAX,Buy,0.81%B30 day04/30/2025,-3.33%,9.20%,14.21%,11.72%,10.77%(07/14/2005),$100K,$187.53,positive change$1.79(0.96%)
VDC,Consumer Staples ETF,Stock - Sector,5,0.09%,VDC,Buy,2.16%B30 day04/30/2025,5.81%,12.71%,11.10%,8.57%,9.63%(01/26/2004),$1,$222.35,positive change$2.66(1.21%)
VCSAX,Consumer Staples Index Fund Admiral Shares,Stock - Sector,5,0.09%,VCSAX,Buy,2.16%B30 day04/30/2025,5.75%,12.72%,11.11%,8.58%,9.66%(01/30/2004),$100K,$109.63,positive change$1.31(1.21%)
VCRB,Core Bond ETF,Bond - Inter-term Investment,2,0.10%,VCRB,Buy,4.76%A30 day05/15/2025,2.17%,8.67%,—,—,6.50%(12/12/2023),$1,$76.21,positive change$0.04(0.05%)
VCOBX,Core Bond Fund Admiral Shares,Bond - Inter-term Investment,2,0.10%,VCOBX,Buy,4.84%A30 day05/15/2025,2.26%,8.43%,-0.02%,—,1.98%(03/28/2016),$50K,$17.81,positive change$0.01(0.06%)
VCORX,Core Bond Fund Investor Shares,Bond - Inter-term Investment,2,0.20%,VCORX,Buy,4.75%A30 day05/15/2025,2.28%,8.32%,-0.14%,—,1.86%(03/28/2016),$3K,$8.91,positive change$0.01(0.11%)
VCRM,Core Tax-Exempt Bond ETF,Bond - Inter-term National Muni,2,0.12%,VCRM,Buy,4.12%A30 day05/15/2025,-0.45%,—,—,—,-0.70%(11/19/2024),$1,$73.46,positive change$0.04(0.05%)
VPLS,Core-Plus Bond ETF,Bond - Inter-term Investment,2,0.20%,VPLS,Buy,4.93%A30 day05/15/2025,2.27%,8.34%,—,—,6.56%(12/06/2023),$1,$76.33,positive change$0.04(0.05%)
VCPAX,Core-Plus Bond Fund Admiral Shares,Bond - Inter-term Investment,2,0.20%,VCPAX,Buy,4.88%A30 day05/15/2025,2.37%,8.62%,—,—,-0.23%(10/25/2021),$50K,$17.02,positive change$0.01(0.06%)
VCPIX,Core-Plus Bond Fund Investor Shares,Bond - Inter-term Investment,2,0.30%,VCPIX,Buy,4.80%A30 day05/15/2025,2.33%,8.52%,—,—,-0.35%(10/25/2021),$3K,$8.51,positive change$0.01(0.12%)
VTMGX,Developed Markets Index Fund Admiral Shares,International,5,0.05%,VTMGX,Buy,—,14.59%,12.88%,11.43%,5.61%,4.79%(08/17/1999),$3K,$17.52,positive change$0.04(0.23%)
VDIPX,Developed Markets Index Fund Institutional Plus Shares,International,5,0.02%,VDIPX,Buy,—,14.55%,12.89%,11.47%,5.63%,5.31%(04/01/2014),$100M,$27.42,positive change$0.06(0.22%)
VTMNX,Developed Markets Index Fund Institutional Shares,International,5,0.03%,VTMNX,Buy,—,14.58%,12.88%,11.47%,5.62%,5.00%(01/04/2001),$5M,$17.54,positive change$0.03(0.17%)
VDEQX,Diversified Equity Fund,Stock - Large-Cap Blend,4,0.35%,VDEQX,Buy,1.13%B30 day04/30/2025,1.28%,8.08%,14.19%,10.99%,9.54%(06/10/2005),$3K,$51.51,positive change$0.36(0.70%)
VIG,Dividend Appreciation ETF,Stock - Large-Cap Blend,4,0.05%,VIG,Buy,1.75%B30 day04/30/2025,2.15%,11.14%,13.05%,11.22%,9.48%(04/21/2006),$1,$199.08,positive change$1.43(0.72%)
VDADX,Dividend Appreciation Index Fund Admiral Shares,Stock - Large-Cap Blend,4,0.07%,VDADX,Buy,1.73%B30 day04/30/2025,2.16%,11.16%,13.04%,11.21%,10.89%(12/19/2013),$3K,$54.03,positive change$0.39(0.73%)
VDIGX,Dividend Growth Fund,Stock - Large-Cap Blend,4,0.29%,VDIGX,Buy,1.55%B30 day04/30/2025,2.10%,4.92%,11.35%,10.20%,8.89%(05/15/1992),$3K,$36.04,positive change$0.26(0.73%)
VEGBX,Emerging Markets Bond Fund Admiral Shares,International,3,0.35%,VEGBX,Buy,6.65%A30 day05/15/2025,3.28%,9.45%,5.89%,—,5.19%(12/06/2017),$50K,$23.44,positive change$0.05(0.21%)
VEMBX,Emerging Markets Bond Fund Investor Shares,International,3,0.50%,VEMBX,Buy,6.49%A30 day05/15/2025,3.21%,9.30%,5.74%,—,6.48%(03/10/2016),$3K,$10.07,positive change$0.02(0.20%)
VWOBE,merging Markets Government Bond ETF,International,3,0.15%,VWOB,Buy,6.53%A30 day05/15/2025,3.51%,9.14%,2.68%,2.82%,2.95%(05/31/2013),$1,$63.77,positive change$0.13(0.20%)
VGAVX,Emerging Markets Government Bond Index Fund Admiral SharesPurchase fees: 0.75%,International,3,0.20%,VGAVX,Buy,6.48%A30 day05/15/2025,2.77%,8.17%,2.71%,2.78%,2.88%(05/31/2013),$3K,$16.06,positive change$0.03(0.19%)
VGIVX,Emerging Markets Government Bond Index Fund Institutional SharesPurchase fees: 0.75%,International,3,0.13%,VGIVX,Buy,6.55%A30 day05/15/2025,2.81%,8.19%,2.73%,2.80%,3.13%(02/11/2015),$5M,$25.76,positive change$0.05(0.19%)
VMMSX,Emerging Markets Select Stock Fund,International,5,0.75%,VMMSX,Buy,—,10.81%,7.19%,8.05%,3.74%,3.07%(06/27/2011),$3K,$23.47,negative change-$0.05(-0.21%)
VEMAX,Emerging Markets Stock Index Fund Admiral Shares,International,5,0.13%,VEMAX,Buy,—,8.09%,10.27%,7.53%,3.23%,4.99%(06/23/2006),$3K,$39.71,positive change$0.01(0.03%)
VEMRX,Emerging Markets Stock Index Fund Institutional Plus Shares,International,5,0.07%,VEMRX,Buy,—,8.13%,10.32%,7.59%,3.30%,2.65%(12/15/2010),$100M,$100.46,positive change$0.04(0.04%)
VEMIX,Emerging Markets Stock Index Fund Institutional Shares,International,5,0.09%,VEMIX,Buy,—,8.12%,10.33%,7.57%,3.27%,6.57%(06/22/2000),$5M,$30.20,positive change$0.01(0.03%)
VDE,Energy ETF,Stock - Sector,5,0.09%,VDE,Buy,3.32%B30 day04/30/2025,-0.92%,-11.37%,21.86%,3.15%,6.65%(09/23/2004),$1,$119.32,negative change-$0.22(-0.18%)
VGELX,Energy Fund Admiral Shares,Stock - Sector,5,0.36%,VGELX,Buy,3.50%B30 day04/30/2025,8.40%,7.56%,15.95%,2.60%,7.74%(11/12/2001),$50K,$87.57,positive change$0.21(0.24%)
VGENX,Energy Fund Investor Shares,Stock - Sector,5,0.44%,VGENX,Buy,3.43%B30 day04/30/2025,8.38%,7.49%,15.86%,2.52%,9.39%(05/23/1984),$3K,$46.68,positive change$0.11(0.24%)
VENAX,Energy Index Fund Admiral Shares,Stock - Sector,5,0.09%,VENAX,Buy,3.32%B30 day04/30/2025,-0.77%,-11.30%,21.88%,3.18%,6.38%(10/07/2004),$100K,$59.61,negative change-$0.11(-0.18%)
VEIRX,Equity Income Fund Admiral Shares,Stock - Large-Cap Value,4,0.18%,VEIRX,Buy,2.62%B30 day04/30/2025,3.70%,10.11%,13.63%,9.86%,8.54%(08/13/2001),$50K,$90.83,positive change$0.71(0.79%)
VEIPX,Equity Income Fund Investor Shares,Stock - Large-Cap Value,4,0.27%,VEIPX,Buy,2.53%B30 day04/30/2025,3.66%,10.02%,13.53%,9.76%,10.16%(03/21/1988),$3K,$43.34,positive change$0.34(0.79%)
VSGX,ESG International Stock ETF,International,5,0.10%,VSGX,Buy,—,11.92%,12.66%,9.44%,—,5.55%(09/18/2018),$1,$63.06,positive change$0.11(0.17%)
VCEB,ESG U.S. Corporate Bond ETF,Bond - Inter-term Investment,2,0.12%,VCEB,Buy,5.11%A30 day05/15/2025,1.93%,7.47%,—,—,-0.82%(09/22/2020),$1,$62.09,positive change$0.07(0.11%)
ESGV,ESG U.S. Stock ETF,Stock - Large-Cap Blend,4,0.09%,ESGV,Buy,1.11%B30 day04/30/2025,0.53%,11.18%,14.83%,—,11.98%(09/18/2018),$1,$105.16,positive change$0.75(0.72%)
VEUSX,European Stock Index Fund Admiral Shares,International,5,0.08%,VEUSX,Buy,—,18.95%,15.14%,12.99%,5.92%,6.15%(08/13/2001),$3K,$94.24,positive change$0.18(0.19%)
VEUPX,European Stock Index Fund Institutional Plus Shares,International,5,0.05%,VEUPX,Buy,—,18.97%,15.17%,13.03%,5.96%,6.08%(12/05/2014),$100M,$179.57,positive change$0.36(0.20%)
VESIX,European Stock Index Fund Institutional Shares,International,5,0.06%,VESIX,Buy,—,18.97%,15.19%,13.02%,5.95%,4.91%(05/15/2000),$5M,$40.19,positive change$0.08(0.20%)
VEXRX,Explorer Fund Admiral Shares,Stock - Small-Cap Growth,5,0.33%,VEXRX,Buy,0.56%B30 day04/30/2025,-3.42%,-2.07%,10.22%,8.50%,8.90%(11/12/2001),$50K,$103.20,positive change$0.91(0.89%)
VEXPX,Explorer Fund Investor Shares,Stock - Small-Cap Growth,5,0.44%,VEXPX,Buy,0.46%B30 day04/30/2025,-3.45%,-2.17%,10.09%,8.38%,9.18%(12/11/1967),$3K,$110.98,positive change$0.98(0.89%)
VEVFX,Explorer Value Fund,Stock - Small-Cap Value,5,0.49%,VEVFX,Buy,1.49%B30 day04/30/2025,-4.31%,-0.53%,12.77%,6.42%,9.20%(03/30/2010),$3K,$41.12,positive change$0.25(0.61%)
EDV,Extended Duration Treasury ETF,Bond - Long-term Government,5,0.05%,EDV,Buy,5.27%A30 day05/15/2025,-2.63%,3.47%,-13.57%,-2.10%,2.85%(12/06/2007),$1,$64.81,positive change$0.24(0.37%)
VXF,Extended Market ETF,Stock - Mid-Cap Blend,5,0.05%,VXF,Buy,1.25%B30 day04/30/2025,-1.28%,5.48%,11.64%,7.94%,9.04%(12/27/2001),$1,$186.85,positive change$1.87(1.01%)
VEXAX,Extended Market Index Fund Admiral Shares,Stock - Mid-Cap Blend,5,0.05%,VEXAX,Buy,1.26%B30 day04/30/2025,-1.27%,5.61%,11.67%,7.96%,7.99%(11/13/2000),$3K,$141.77,positive change$1.42(1.01%)
VEMPX,Extended Market Index Fund Institutional Plus Shares,Stock - Mid-Cap Blend,5,0.04%,VEMPX,Buy,1.25%B30 day04/30/2025,-1.27%,5.63%,11.69%,7.99%,9.56%(01/14/2011),$100M,$349.83,positive change$3.50(1.01%)
VIEIX,Extended Market Index Fund Institutional Shares,Stock - Mid-Cap Blend,5,0.05%,VIEIX,Buy,1.26%B30 day04/30/2025,-1.28%,5.61%,11.68%,7.97%,8.50%(07/07/1997),$5M,$141.75,positive change$1.41(1.00%)
VMFXX,Federal Money Market Fund,Money Market,1,0.11%,VMFXX,Buy,4.21%C7 day05/16/2025,1.59%,4.86%,2.65%,1.87%,3.94%(07/13/1981),$3K,$1.00,$0.00(0.00%)
VFH,Financials ETF,Stock - Sector,5,0.09%,VFH,Buy,1.65%B30 day04/30/2025,6.05%,21.80%,18.46%,11.40%,6.26%(01/26/2004),$1,$124.72,positive change$0.89(0.72%)
VFAIX,Financials Index Fund Admiral Shares,Stock - Sector,5,0.09%,VFAIX,Buy,1.65%B30 day04/30/2025,6.09%,21.94%,18.51%,11.42%,6.35%(02/04/2004),$100K,$62.50,positive change$0.44(0.71%)
VEU,FTSE All-World ex-US ETF,International,5,0.04%,VEU,Buy,—,12.94%,12.45%,10.61%,5.12%,4.09%(03/02/2007),$1,$64.65,positive change$0.09(0.14%)
VFWAX,FTSE All-World ex-US Index Fund Admiral Shares,International,5,0.08%,VFWAX,Buy,—,13.01%,12.49%,10.52%,5.10%,6.59%(09/27/2011),$3K,$40.19,positive change$0.05(0.12%)
VFWPX,FTSE All-World ex-US Index Fund Institutional Plus Shares,International,5,0.03%,VFWPX,Buy,—,13.04%,12.54%,10.57%,5.15%,5.17%(12/16/2010),$100M,$134.93,positive change$0.18(0.13%)
VFWSX,FTSE All-World ex-US Index Fund Institutional Shares,International,5,0.05%,VFWSX,Buy,—,13.04%,12.52%,10.55%,5.13%,3.65%(04/30/2007),$5M,$127.42,positive change$0.18(0.14%)
VSS,FTSE All-World ex-US Small-Cap ETF,International,5,0.08%,VSS,Buy,—,9.80%,8.67%,9.60%,4.29%,8.27%(04/02/2009),$1,$125.67,positive change$0.49(0.39%)
VFSAX,FTSE All-World ex-US Small-Cap Index Fund Admiral Shares,International,5,0.17%,VFSAX,Buy,—,10.04%,8.45%,9.30%,—,5.59%(02/07/2019),$3K,$31.02,positive change$0.12(0.39%)
VFSNX,FTSE All-World ex-US Small-Cap Index Fund Institutional Shares,International,5,0.10%,VFSNX,Buy,—,10.08%,8.51%,9.36%,4.30%,8.28%(04/02/2009),$5M,$240.18,positive change$0.93(0.39%)
VEA,FTSE Developed Markets ETF,International,5,0.03%,VEA,Buy,—,14.50%,12.62%,11.51%,5.62%,3.39%(07/20/2007),$1,$54.49,positive change$0.11(0.20%)
VWO,FTSE Emerging Markets ETF,International,5,0.07%,VWO,Buy,—,8.49%,10.76%,7.87%,3.30%,5.68%(03/04/2005),$1,$47.76,positive change$0.02(0.04%)
VGK,FTSE Europe ETF,International,5,0.06%,VGK,Buy,—,19.12%,14.82%,13.06%,5.92%,5.50%(03/04/2005),$1,$75.34,positive change$0.15(0.20%)
VPL,FTSE Pacific ETF,International,5,0.07%,VPL,Buy,—,9.58%,7.73%,8.32%,4.66%,4.81%(03/04/2005),$1,$77.37,positive change$0.20(0.26%)
VFTAX,FTSE Social Index Fund Admiral Shares,Stock - Large-Cap Growth,4,0.13%,VFTAX,Buy,1.03%B30 day04/30/2025,0.87%,12.29%,15.27%,—,14.19%(02/07/2019),$3K,$56.75,positive change$0.40(0.71%)
VFTNX,FTSE Social Index Fund Institutional Shares,Stock - Large-Cap Growth,4,0.07%,VFTNX,Buy,1.09%B30 day04/30/2025,0.88%,12.31%,15.29%,12.53%,10.05%(01/14/2003),$5M,$40.85,positive change$0.28(0.69%)
VGPMX,Global Capital Cycles Fund,International,5,0.44%,VGPMX,Buy,—,16.61%,12.62%,18.28%,6.28%,4.89%(05/23/1984),$3K,$14.72,negative change-$0.03(-0.20%)
VGCAX,Global Credit Bond Fund Admiral Shares,International,2,0.25%,VGCAX,Buy,4.59%A30 day05/15/2025,1.87%,8.12%,1.74%,—,3.67%(11/15/2018),$50K,$19.05,positive change$0.02(0.11%)
VGCIX,Global Credit Bond Fund Investor Shares,International,2,0.35%,VGCIX,Buy,4.48%A30 day05/15/2025,1.90%,8.01%,1.63%,—,3.57%(11/15/2018),$3K,$9.53,positive change$0.01(0.11%)
VEOAX,Global Environmental Opportunities Stock Fund Admiral Shares,International,4,0.58%,VEOAX,Buy,—,5.90%,-0.70%,—,—,0.61%(11/16/2022),$50K,$26.38,positive change$0.02(0.08%)
VEOIX,Global Environmental Opportunities Stock Fund Investor Shares,International,4,0.73%,VEOIX,Buy,—,5.82%,-0.82%,—,—,0.46%(11/16/2022),$3K,$21.08,positive change$0.01(0.05%)
VHGEX,Global Equity Fund,International,5,0.39%,VHGEX,Buy,—,5.94%,6.78%,11.00%,8.32%,8.77%(08/14/1995),$3K,$37.65,positive change$0.20(0.53%)
VESGX,Global ESG Select Stock Fund Admiral Shares,International,4,0.48%,VESGX,Buy,—,6.63%,9.60%,14.97%,—,12.72%(06/05/2019),$50K,$46.82,positive change$0.16(0.34%)
VEIGX,Global ESG Select Stock Fund Investor Shares,International,4,0.58%,VEIGX,Buy,—,6.59%,9.47%,14.85%,—,12.61%(06/05/2019),$3K,$37.44,positive change$0.13(0.35%)
VNQI,Global ex-U.S. Real Estate ETF,International,5,0.12%,VNQI,Buy,—,9.81%,11.05%,2.58%,0.85%,2.93%(11/01/2010),$1,$43.41,positive change$0.29(0.67%)
VGRLX,Global ex-U.S. Real Estate Index Fund Admiral SharesPurchase fees: 0.25%Redemption fees: 0.25%,International,5,0.12%,VGRLX,Buy,—,10.08%,10.12%,2.30%,0.82%,3.05%(02/10/2011),$3K,$26.32,positive change$0.17(0.65%)
VGRNX,Global ex-U.S. Real Estate Index Fund Institutional SharesPurchase fees: 0.25%Redemption fees: 0.25%,International,5,0.11%,VGRNX,Buy,—,10.12%,10.17%,2.31%,0.83%,2.93%(04/19/2011),$5M,$87.62,positive change$0.58(0.67%)
VMNVX,Global Minimum Volatility Fund Admiral Shares,International,4,0.14%,VMNVX,Buy,—,7.70%,13.58%,9.39%,7.41%,8.46%(12/12/2013),$50K,$33.14,positive change$0.24(0.73%)
VMVFX,Global Minimum Volatility Fund Investor Shares,International,4,0.21%,VMVFX,Buy,—,7.67%,13.54%,9.33%,7.33%,8.38%(12/12/2013),$3K,$16.57,positive change$0.12(0.73%)
VGYAX,Global Wellesley Income Fund Admiral Shares,Balanced,3,0.31%,VGYAX,Buy,—,5.04%,10.70%,5.83%,—,4.32%(11/02/2017),$50K,$28.05,positive change$0.11(0.39%)
VGWIX,Global Wellesley Income Fund Investor Shares,Balanced,3,0.44%,VGWIX,Buy,—,5.00%,10.55%,5.69%,—,4.20%(11/02/2017),$3K,$22.44,positive change$0.09(0.40%)
VGWAX,Global Wellington Fund Admiral Shares,Balanced,3,0.35%,VGWAX,Buy,—,5.40%,7.87%,9.28%,—,7.04%(11/02/2017),$50K,$32.92,positive change$0.14(0.43%)
VGWLX,Global Wellington Fund Investor Shares,Balanced,3,0.48%,VGWLX,Buy,—,5.36%,7.76%,9.16%,—,6.91%(11/02/2017),$3K,$26.33,positive change$0.11(0.42%)
VFIJX,GNMA Fund Admiral Shares,Bond - Inter-term Government,2,0.11%,VFIJX,Buy,3.70%J30 day05/15/2025,2.20%,8.56%,-0.53%,1.17%,3.49%(02/12/2001),$50K,$9.19,$0.00(0.00%)
VFIIX,GNMA Fund Investor Shares,Bond - Inter-term Government,2,0.21%,VFIIX,Buy,3.60%J30 day05/15/2025,2.16%,8.45%,-0.63%,1.07%,6.18%(06/27/1980),$3K,$9.19,$0.00(0.00%)
VGIAX,Growth and Income Fund Admiral Shares,Stock - Large-Cap Blend,4,0.24%,VGIAX,Buy,0.70%B30 day04/30/2025,1.44%,11.15%,15.98%,12.26%,8.31%(05/14/2001),$50K,$103.43,positive change$0.74(0.72%)
VQNPX,Growth and Income Fund Investor Shares,Stock - Large-Cap Blend,4,0.36%,VQNPX,Buy,0.60%B30 day04/30/2025,1.39%,11.04%,15.86%,12.14%,10.64%(12/10/1986),$3K,$63.36,positive change$0.45(0.72%)
VUG,Growth ETF,Stock - Large-Cap Growth,4,0.04%,VUG,Buy,0.49%B30 day04/30/2025,1.33%,15.25%,16.66%,14.45%,11.10%(01/26/2004),$1,$415.30,positive change$2.17(0.53%)
VIGAX,Growth Index Fund Admiral Shares,Stock - Large-Cap Growth,4,0.05%,VIGAX,Buy,0.48%B30 day04/30/2025,1.34%,15.51%,16.68%,14.47%,8.65%(11/13/2000),$3K,$213.77,positive change$1.11(0.52%)
VIGIX,Growth Index Fund Institutional Shares,Stock - Large-Cap Growth,4,0.04%,VIGIX,Buy,0.49%B30 day04/30/2025,1.34%,15.52%,16.70%,14.48%,8.93%(05/14/1998),$5M,$213.79,positive change$1.12(0.53%)
VHT,Health Care ETF,Stock - Sector,5,0.09%,VHT,Buy,1.50%B30 day04/30/2025,-3.29%,1.39%,7.79%,8.34%,9.44%(01/26/2004),$1,$244.53,positive change$4.73(1.97%)
VGHAX,Health Care Fund Admiral Shares,Stock - Sector,5,0.30%,VGHAX,Buy,1.05%B30 day04/30/2025,-5.50%,-3.20%,6.03%,6.42%,9.58%(11/12/2001),$50K,$71.28,positive change$1.34(1.92%)
VGHCX,Health Care Fund Investor Shares,Stock - Sector,5,0.35%,VGHCX,Buy,0.99%B30 day04/30/2025,-5.52%,-3.25%,5.98%,6.36%,14.72%(05/23/1984),$3K,$169.05,positive change$3.16(1.90%)
VHCIX,Health Care Index Fund Admiral Shares,Stock - Sector,5,0.09%,VHCIX,Buy,1.50%B30 day04/30/2025,-3.26%,1.51%,7.82%,8.36%,9.44%(02/05/2004),$100K,$122.32,positive change$2.37(1.98%)
VYM,High Dividend Yield ETF,Stock - Large-Cap Value,4,0.06%,VYM,Buy,2.73%B30 day04/30/2025,2.52%,10.01%,13.26%,9.38%,8.34%(11/10/2006),$1,$129.98,positive change$0.88(0.68%)
VHYAX,High Dividend Yield Index Fund Admiral Shares,Stock - Large-Cap Value,4,0.08%,VHYAX,Buy,2.71%B30 day04/30/2025,2.54%,10.00%,13.22%,—,10.11%(02/07/2019),$3K,$39.19,positive change$0.26(0.67%)
VWEAX,High-Yield Corporate Fund Admiral Shares,Bond - Inter-term Low Quality,3,0.12%,VWEAX,Buy,6.46%A30 day05/15/2025,2.97%,8.66%,5.37%,4.49%,6.02%(11/12/2001),$50K,$5.45,$0.00(0.00%)
VWEHX,High-Yield Corporate Fund Investor Shares,Bond - Inter-term Low Quality,3,0.22%,VWEHX,Buy,6.36%A30 day05/15/2025,2.93%,8.55%,5.26%,4.39%,7.76%(12/27/1978),$3K,$5.45,$0.00(0.00%)
VWALX,High-Yield Tax-Exempt Fund Admiral Shares,Bond - Long-term National Muni,3,0.09%,VWALX,Buy,4.57%A30 day05/15/2025,-1.45%,2.46%,2.48%,2.93%,4.12%(11/12/2001),$50K,$10.35,$0.00(0.00%)
VWAHX,High-Yield Tax-Exempt Fund Investor Shares,Bond - Long-term National Muni,3,0.17%,VWAHX,Buy,4.49%A30 day05/15/2025,-1.48%,2.38%,2.40%,2.85%,5.89%(12/27/1978),$3K,$10.35,$0.00(0.00%)
VIS,Industrials ETF,Stock - Sector,5,0.09%,VIS,Buy,1.21%B30 day04/30/2025,7.39%,7.24%,17.07%,10.61%,9.92%(09/23/2004),$1,$272.29,positive change$2.85(1.06%)
VINAX,Industrials Index Fund Admiral Shares,Stock - Sector,5,0.09%,VINAX,Buy,1.21%B30 day04/30/2025,7.31%,7.26%,17.09%,10.62%,8.95%(05/08/2006),$100K,$139.89,positive change$1.46(1.05%)
VAIPX,Inflation-Protected Securities Fund Admiral Shares,Bond - Inter-term Government,2,0.10%,VAIPX,Buy,1.67%AG30 day05/15/2025,3.11%,8.07%,1.78%,2.35%,3.33%(06/10/2005),$50K,$23.16,positive change$0.03(0.13%)
VIPIX,Inflation-Protected Securities Fund Institutional Shares,Bond - Inter-term Government,2,0.07%,VIPIX,Buy,1.70%GA30 day05/15/2025,3.22%,8.05%,1.79%,2.38%,3.58%(12/12/2003),$5M,$9.44,positive change$0.02(0.21%)
VIPSX,Inflation-Protected Securities Fund Investor Shares,Bond - Inter-term Government,2,0.20%,VIPSX,Buy,1.58%AG30 day05/15/2025,3.12%,7.98%,1.67%,2.25%,4.49%(06/29/2000),$3K,$11.80,positive change$0.02(0.17%)
VGT,Information Technology ETF,Stock - Sector,5,0.09%,VGT,Buy,0.55%B30 day04/30/2025,-0.69%,11.64%,18.72%,18.90%,12.82%(01/26/2004),$1,$616.71,positive change$1.46(0.24%)
VITAX,Information Technology Index Fund Admiral Shares,Stock - Sector,5,0.09%,VITAX,Buy,0.55%B30 day04/30/2025,-0.66%,11.77%,18.73%,18.92%,13.51%(03/25/2004),$100K,$315.78,positive change$0.75(0.24%)
VIIIX,Institutional Index Fund Institutional Plus Shares,Stock - Large-Cap Blend,4,0.02%,VIIIX,Buy,1.33%B30 day04/30/2025,1.80%,12.07%,15.59%,12.31%,8.72%(07/07/1997),$100M,$484.98,positive change$3.43(0.71%)
VINIX,Institutional Index Fund Institutional Shares,Stock - Large-Cap Blend,4,0.035%,VINIX,Buy,1.31%B30 day04/30/2025,1.80%,12.06%,15.57%,12.29%,10.44%(07/31/1990),$5M,$484.98,positive change$3.43(0.71%)
VITPX,Institutional Total Stock Market Index Fund Institutional Plus Shares,Stock - Large-Cap Blend,4,0.02%,VITPX,Buy,1.32%B30 day04/30/2025,1.41%,11.28%,15.06%,11.65%,8.73%(05/31/2001),$100M,$99.54,positive change$0.75(0.76%)
VITNX,Institutional Total Stock Market Index Fund Institutional Shares,Stock - Large-Cap Blend,4,0.03%,VITNX,Buy,1.31%B30 day04/30/2025,1.40%,11.22%,15.06%,11.65%,9.25%(08/31/2001),$5M,$99.55,positive change$0.74(0.75%)
BIV,Intermediate-Term Bond ETF,Bond - Inter-term Investment,2,0.03%,BIV,Buy,4.69%A30 day05/15/2025,2.87%,9.22%,-0.22%,1.95%,3.84%(04/03/2007),$1,$75.82,positive change$0.04(0.05%)
VBILX,Intermediate-Term Bond Index Fund Admiral Shares,Bond - Inter-term Investment,2,0.06%,VBILX,Buy,4.63%A30 day05/15/2025,2.81%,9.18%,-0.21%,1.95%,4.08%(11/12/2001),$3K,$10.26,$0.00(0.00%)
VBIUX,Intermediate-Term Bond Index Fund Institutional Plus,Bond - Inter-term Investment,2,0.03%,VBIUX,Buy,4.66%A30 day05/15/2025,2.82%,9.21%,-0.18%,1.98%,2.55%(11/30/2011),$100M,$10.26,$0.00(0.00%)
VBIMX,Intermediate-Term Bond Index Fund Institutional Shares,Bond - Inter-term Investment,2,0.04%,VBIMX,Buy,4.65%A30 day05/15/2025,2.81%,9.20%,-0.19%,1.97%,3.95%(01/26/2006),$5M,$10.26,$0.00(0.00%)
VCIT,Intermediate-Term Corporate Bond ETF,Bond - Inter-term Investment,2,0.03%,VCIT,Buy,5.33%A30 day05/15/2025,2.69%,9.15%,1.24%,2.76%,4.20%(11/19/2009),$1,$81.08,positive change$0.09(0.11%)
VICSX,Intermediate-Term Corporate Bond Index Fund Admiral SharesPurchase fees: 0.25%,Bond - Inter-term Investment,2,0.06%,VICSX,Buy,5.29%A30 day05/15/2025,2.55%,8.85%,1.25%,2.75%,4.12%(03/02/2010),$3K,$21.88,positive change$0.02(0.09%)
VICBX,Intermediate-Term Corporate Bond Index Fund Institutional SharesPurchase fees: 0.25%,Bond - Inter-term Investment,2,0.04%,VICBX,Buy,5.31%A30 day05/15/2025,2.59%,8.89%,1.27%,2.77%,4.22%(11/19/2009),$5M,$27.04,positive change$0.03(0.11%)
VFIDX,Intermediate-Term Investment-Grade Fund Admiral Shares,Bond - Inter-term Investment,2,0.09%,VFIDX,Buy,5.26%A30 day05/15/2025,2.70%,9.39%,1.16%,2.59%,4.61%(02/12/2001),$50K,$8.63,$0.00(0.00%)
VFICX,Intermediate-Term Investment-Grade Fund Investor Shares,Bond - Inter-term Investment,2,0.20%,VFICX,Buy,5.15%A30 day05/15/2025,2.66%,9.28%,1.05%,2.49%,4.94%(11/01/1993),$3K,$8.63,$0.00(0.00%)
VTEII,Intermediate-Term Tax-Exempt Bond ETF,Bond - Inter-term National Muni,2,0.08%,VTEI,Buy,3.63%A30 day05/15/2025,-0.25%,2.05%,—,—,1.20%(01/26/2024),$1,$98.06,positive change$0.07(0.07%)
VWIUX,Intermediate-Term Tax-Exempt Fund Admiral Shares,Bond - Inter-term National Muni,2,0.09%,VWIUX,Buy,3.88%A30 day05/15/2025,-0.19%,2.37%,1.60%,2.17%,3.48%(02/12/2001),$50K,$13.38,positive change$0.01(0.07%)
VWITX,Intermediate-Term Tax-Exempt Fund Investor Shares,Bond - Inter-term National Muni,2,0.17%,VWITX,Buy,3.80%A30 day05/15/2025,-0.22%,2.29%,1.52%,2.09%,4.85%(09/01/1977),$3K,$13.38,positive change$0.01(0.07%)
VGIT,Intermediate-Term Treasury ETF,Bond - Inter-term Government,2,0.03%,VGIT,Buy,4.06%A30 day05/15/2025,2.86%,8.88%,-0.73%,1.35%,2.18%(11/19/2009),$1,$58.89,$0.00(0.00%)
VFIUX,Intermediate-Term Treasury Fund Admiral Shares,Bond - Inter-term Government,2,0.10%,VFIUX,Buy,4.04%A30 day05/15/2025,2.79%,9.02%,-0.44%,1.51%,3.74%(02/12/2001),$50K,$9.85,negative change-$0.01(-0.10%)
VFITX,Intermediate-Term Treasury Fund Investor Shares,Bond - Inter-term Government,2,0.20%,VFITX,Buy,3.94%A30 day05/15/2025,2.75%,8.92%,-0.54%,1.41%,4.76%(10/28/1991),$3K,$9.85,negative change-$0.01(-0.10%)
VSIGX,Intermediate-Term Treasury Index Fund Admiral Shares,Bond - Inter-term Government,2,0.06%,VSIGX,Buy,4.03%A30 day05/15/2025,2.87%,8.81%,-0.78%,1.34%,1.90%(08/04/2010),$3K,$19.89,$0.00(0.00%)
VIIGX,Intermediate-Term Treasury Index Fund Institutional Shares,Bond - Inter-term Government,2,0.04%,VIIGX,Buy,4.05%A30 day05/15/2025,2.90%,8.85%,-0.75%,1.36%,2.24%(03/19/2010),$5M,$24.69,$0.00(0.00%)
VZICX,International Core Stock Fund Admiral Shares,International,5,0.38%,VZICX,Buy,—,15.12%,14.08%,13.10%,—,8.99%(10/16/2019),$50K,$29.39,positive change$0.03(0.10%)
VWICX,International Core Stock Fund Investor Shares,International,5,0.48%,VWICX,Buy,—,15.05%,13.96%,12.99%,—,8.88%(10/16/2019),$3K,$14.68,positive change$0.01(0.07%)
VIGI,International Dividend Appreciation ETF,International,5,0.10%,VIGI,Buy,—,10.56%,12.17%,9.94%,—,8.67%(02/25/2016),$1,$87.76,positive change$0.18(0.21%)
VIAAX,International Dividend Appreciation Index Fund Admiral SharesPurchase fees: 0.25%Redemption fees: 0.25%,International,5,0.16%,VIAAX,Buy,—,10.66%,11.82%,9.80%,—,8.31%(03/02/2016),$3K,$42.73,positive change$0.09(0.21%)
VIDGX,International Dividend Growth Fund,International,4,0.55%,VIDGX,Buy,—,13.83%,11.05%,—,—,10.25%(11/15/2023),$3K,$11.44,positive change$0.02(0.18%)
VINEX,International Explorer Fund,International,5,0.45%,VINEX,Buy,—,12.15%,10.29%,7.51%,3.60%,7.70%(11/04/1996),$3K,$18.37,positive change$0.09(0.49%)
VWILX,International Growth Fund Admiral Shares,International,5,0.25%,VWILX,Buy,—,12.38%,11.96%,8.91%,8.12%,7.63%(08/13/2001),$50K,$114.14,positive change$0.29(0.25%)
VWIG,International Growth Fund Investor Shares,International,5,0.37%,VWIGX,Buy,—,12.33%,11.82%,8.78%,7.99%,10.15%(09/30/1981),$3K,$35.89,positive change$0.09(0.25%)
VYMI,International High Dividend Yield ETF,International,5,0.17%,VYMI,Buy,—,15.79%,16.99%,14.51%,—,8.97%(02/25/2016),$1,$77.84,positive change$0.15(0.19%)
VIHAX,International High Dividend Yield Index Fund Admiral SharesPurchase fees: 0.25%Redemption fees: 0.25%,International,5,0.17%,VIHAX,Buy,—,15.88%,16.55%,14.35%,—,8.56%(03/02/2016),$3K,$37.74,positive change$0.07(0.19%)
VTRIX,International Value Fund,International,5,0.36%,VTRIX,Buy,—,11.47%,5.53%,10.33%,4.30%,8.17%(05/16/1983),$3K,$41.88,positive change$0.01(0.02%)
VV,Large-Cap ETF,Stock - Large-Cap Blend,4,0.04%,VV,Buy,1.27%B30 day04/30/2025,1.90%,12.26%,15.45%,12.20%,9.97%(01/27/2004),$1,$273.91,positive change$1.95(0.72%)
VLCAX,Large-Cap Index Fund Admiral Shares,Stock - Large-Cap Blend,4,0.05%,VLCAX,Buy,1.26%B30 day04/30/2025,1.91%,12.46%,15.48%,12.21%,10.02%(02/02/2004),$3K,$138.32,positive change$0.98(0.71%)
VLISX,Large-Cap Index Fund Institutional Shares,Stock - Large-Cap Blend,4,0.04%,VLISX,Buy,1.27%B30 day04/30/2025,1.92%,12.47%,15.49%,12.22%,10.31%(06/30/2005),$5M,$569.32,positive change$4.04(0.71%)
VSCGX,LifeStrategy Conservative Growth Fund,Balanced,3,0.12%,VSCGX,Buy,3.16%B30 day04/30/2025,3.55%,9.41%,4.99%,4.74%,6.43%(09/30/1994),$3K,$21.03,positive change$0.05(0.24%)
VASGX,LifeStrategy Growth Fund,Balanced,4,0.14%,VASGX,Buy,2.38%B30 day04/30/2025,5.09%,11.00%,10.42%,7.62%,8.08%(09/30/1994),$3K,$46.42,positive change$0.20(0.43%)
VASIX,LifeStrategy Income Fund,Balanced,2,0.11%,VASIX,Buy,3.58%B30 day04/30/2025,2.64%,8.43%,2.24%,3.18%,5.52%(09/30/1994),$3K,$15.31,positive change$0.02(0.13%)
VSMGX,LifeStrategy Moderate Growth Fund,Balanced,3,0.13%,VSMGX,Buy,2.76%B30 day04/30/2025,4.34%,10.17%,7.68%,6.21%,7.37%(09/30/1994),$3K,$32.69,positive change$0.11(0.34%)
VMLUX,Limited-Term Tax-Exempt Fund Admiral Shares,Bond - Short-term National Muni,1,0.09%,VMLUX,Buy,3.54%A30 day05/15/2025,1.06%,3.58%,1.86%,1.73%,2.46%(02/12/2001),$50K,$10.83,positive change$0.01(0.09%)
VMLTX,Limited-Term Tax-Exempt Fund Investor Shares,Bond - Short-term National Muni,1,0.17%,VMLTX,Buy,3.46%A30 day05/15/2025,1.03%,3.50%,1.78%,1.64%,3.61%(08/31/1987),$3K,$10.83,positive change$0.01(0.09%)
BLV,Long-Term Bond ETF,Bond - Long-term Investment,3,0.03%,BLV,Buy,5.51%A30 day05/15/2025,0.47%,6.43%,-4.71%,1.15%,4.21%(04/03/2007),$1,$67.60,positive change$0.15(0.22%)
VBLAX,Long-Term Bond Index Fund Admiral SharesPurchase fees: 0.5%,Bond - Long-term Investment,3,0.06%,VBLAX,Buy,5.49%A30 day05/15/2025,0.37%,5.87%,-4.82%,—,0.12%(02/07/2019),$3K,$10.25,positive change$0.03(0.29%)
VBLIX,Long-Term Bond Index Fund Institutional PlusPurchase fees: 0.5%,Bond - Long-term Investment,3,0.03%,VBLIX,Buy,5.52%A30 day05/15/2025,0.29%,5.81%,-4.81%,1.10%,2.42%(10/06/2011),$100M,$10.24,positive change$0.02(0.20%)
VBLLX,Long-Term Bond Index Fund Institutional SharesPurchase fees: 0.5%,Bond - Long-term Investment,3,0.04%,VBLLX,Buy,5.51%A30 day05/15/2025,0.28%,5.80%,-4.81%,1.09%,4.21%(02/02/2006),$5M,$10.24,positive change$0.02(0.20%)
VCLT,Long-Term Corporate Bond ETF,Bond - Long-term Investment,3,0.03%,VCLT,Buy,6.06%A30 day05/15/2025,0.15%,5.87%,-2.17%,2.14%,4.49%(11/19/2009),$1,$73.42,positive change$0.21(0.29%)
VLTCX,Long-Term Corporate Bond Index Fund Admiral SharesPurchase fees: 1.0%,Bond - Long-term Investment,3,0.06%,VLTCX,Buy,6.03%A30 day05/15/2025,0.03%,4.97%,-2.35%,2.06%,4.42%(01/19/2010),$3K,$19.73,positive change$0.06(0.31%)
VLCIX,Long-Term Corporate Bond Index Fund Institutional SharesPurchase fees: 1.0%,Bond - Long-term Investment,3,0.04%,VLCIX,Buy,6.05%A30 day05/15/2025,0.02%,4.93%,-2.33%,2.08%,4.46%(11/19/2009),$5M,$24.48,positive change$0.07(0.29%)
VWETX,Long-Term Investment-Grade Fund Admiral Shares,Bond - Long-term Investment,3,0.10%,VWETX,Buy,5.69%A30 day05/15/2025,0.31%,6.08%,-3.26%,1.96%,5.30%(02/12/2001),$50K,$7.41,positive change$0.02(0.27%)
VWESX,Long-Term Investment-Grade Fund Investor Shares,Bond - Long-term Investment,3,0.21%,VWESX,Buy,5.57%A30 day05/15/2025,0.27%,5.97%,-3.35%,1.86%,7.29%(07/09/1973),$3K,$7.41,positive change$0.02(0.27%)
VWLUX,Long-Term Tax-Exempt Fund Admiral Shares,Bond - Long-term National Muni,3,0.09%,VWLUX,Buy,4.29%A30 day05/15/2025,-1.43%,1.96%,1.58%,2.54%,3.95%(02/12/2001),$50K,$10.53,$0.00(0.00%)
VWLTX,Long-Term Tax-Exempt Fund Investor Shares,Bond - Long-term National Muni,3,0.17%,VWLTX,Buy,4.21%A30 day05/15/2025,-1.46%,1.88%,1.50%,2.46%,5.28%(09/01/1977),$3K,$10.53,$0.00(0.00%)
VGLT,Long-Term Treasury ETF,Bond - Long-term Government,3,0.03%,VGLT,Buy,4.98%A30 day05/15/2025,0.60%,6.71%,-8.38%,-0.40%,2.59%(11/19/2009),$1,$54.85,positive change$0.10(0.18%)
VUSUX,Long-Term Treasury Fund Admiral Shares,Bond - Long-term Government,3,0.10%,VUSUX,Buy,4.78%A30 day05/15/2025,0.56%,6.65%,-8.28%,-0.36%,4.13%(02/12/2001),$50K,$7.81,positive change$0.02(0.26%)
VUSTX,Long-Term Treasury Fund Investor Shares,Bond - Long-term Government,3,0.20%,VUSTX,Buy,4.67%A30 day05/15/2025,0.52%,6.55%,-8.37%,-0.46%,5.85%(05/19/1986),$3K,$7.81,positive change$0.02(0.26%)
VLGSX,Long-Term Treasury Index Fund Admiral Shares,Bond - Long-term Government,3,0.06%,VLGSX,Buy,4.95%A30 day05/15/2025,0.49%,6.58%,-8.43%,-0.42%,2.71%(03/01/2010),$3K,$18.45,positive change$0.03(0.16%)
VLGIX,Long-Term Treasury Index Fund Institutional Shares,Bond - Long-term Government,3,0.04%,VLGIX,Buy,4.97%A30 day05/15/2025,0.48%,6.56%,-8.42%,-0.41%,2.14%(07/30/2010),$5M,$23.42,positive change$0.04(0.17%)
VMNIX,Market Neutral Fund Institutional Shares,Stock - Long-Short,4,1.34%,VMNIX,Buy,3.58%B30 day04/30/2025,1.18%,-0.43%,9.15%,3.42%,3.21%(10/19/1998),$5M,$13.35,negative change-$0.02(-0.15%)
VMNFX,Market Neutral Fund Investor Shares,Stock - Long-Short,4,1.40%,VMNFX,Buy,3.53%B30 day04/30/2025,1.16%,-0.48%,9.08%,3.36%,3.05%(11/11/1998),$50K,$13.40,negative change-$0.02(-0.15%)
VMATX,Massachusetts Tax-Exempt Fund,Bond - Long-term State Muni,3,0.09%,VMATX,Buy,4.13%A30 day05/15/2025,-1.56%,1.77%,1.15%,2.22%,3.73%(12/09/1998),$3K,$9.82,positive change$0.01(0.10%)
VAW,Materials ETF,Stock - Sector,5,0.09%,VAW,Buy,1.79%B30 day04/30/2025,2.87%,-2.95%,12.83%,7.30%,8.45%(01/26/2004),$1,$192.44,positive change$1.85(0.97%)
VMIAX,Materials Index Fund Admiral Shares,Stock - Sector,5,0.09%,VMIAX,Buy,1.79%B30 day04/30/2025,2.88%,-2.83%,12.87%,7.32%,8.28%(02/11/2004),$100K,$98.04,positive change$0.93(0.96%)
MGC,Mega Cap ETF,Stock - Large-Cap Blend,4,0.07%,MGC,Buy,1.17%B30 day04/30/2025,1.39%,12.83%,15.95%,12.86%,10.45%(12/17/2007),$1,$214.96,positive change$1.36(0.64%)
MGK,Mega Cap Growth ETF,Stock - Large-Cap Growth,4,0.07%,MGK,Buy,0.44%B30 day04/30/2025,1.07%,15.77%,17.30%,15.26%,12.53%(12/17/2007),$1,$346.69,positive change$1.49(0.43%)
VMGAX,Mega Cap Growth Index Fund Institutional Shares,Stock - Large-Cap Growth,4,0.06%,VMGAX,Buy,0.45%B30 day04/30/2025,1.10%,16.11%,17.35%,15.30%,13.13%(04/03/2008),$5M,$688.66,positive change$2.95(0.43%)
VMCTX,Mega Cap Index Fund Institutional Shares,Stock - Large-Cap Blend,4,0.06%,VMCTX,Buy,1.18%B30 day04/30/2025,1.43%,13.08%,16.00%,12.90%,11.01%(02/22/2008),$5M,$423.85,positive change$2.68(0.64%)
MGV,Mega Cap Value ETF,Stock - Large-Cap Value,4,0.07%,MGV,Buy,2.24%B30 day04/30/2025,3.03%,10.02%,13.97%,10.17%,8.23%(12/17/2007),$1,$127.99,positive change$1.21(0.95%)
VMVLX,Mega Cap Value Index Fund Institutional Shares,Stock - Large-Cap Value,4,0.06%,VMVLX,Buy,2.25%B30 day04/30/2025,3.14%,10.15%,14.02%,10.20%,8.90%(03/05/2008),$5M,$253.81,positive change$2.39(0.95%)
VO,Mid-Cap ETF,Stock - Mid-Cap Blend,5,0.04%,VO,Buy,1.66%B30 day04/30/2025,4.31%,9.33%,12.91%,8.86%,9.52%(01/26/2004),$1,$274.16,positive change$2.97(1.10%)
VOT,Mid-Cap Growth ETF,Stock - Mid-Cap Growth,5,0.07%,VOT,Buy,0.66%B30 day04/30/2025,7.25%,12.05%,11.87%,9.64%,9.52%(08/17/2006),$1,$271.61,positive change$3.03(1.13%)
VMGRX,Mid-Cap Growth Fund,Stock - Mid-Cap Growth,5,0.33%,VMGRX,Buy,0.30%B30 day04/30/2025,1.30%,4.67%,8.80%,7.45%,9.55%(12/31/1997),$3K,$27.27,positive change$0.22(0.81%)
VMGMX,Mid-Cap Growth Index Fund Admiral Shares,Stock - Mid-Cap Growth,5,0.07%,VMGMX,Buy,0.67%B30 day04/30/2025,7.20%,12.05%,11.87%,9.64%,12.12%(09/27/2011),$3K,$116.92,positive change$1.31(1.13%)
VIMAX,Mid-CapI ndex Fund Admiral Shares,Stock - Mid-Cap Blend,5,0.05%,VIMAX,Buy,1.61%B30 day04/30/2025,4.35%,9.35%,12.91%,8.86%,9.79%(11/12/2001),$3K,$339.57,positive change$3.68(1.10%)
VMCPX,Mid-Cap Index Fund Institutional Plus Shares,Stock - Mid-Cap Blend,5,0.03%,VMCPX,Buy,1.62%B30 day04/30/2025,4.36%,9.37%,12.93%,8.88%,10.77%(12/15/2010),$100M,$369.96,positive change$4.01(1.10%)
VMCIX,Mid-Cap Index Fund Institutional Shares,Stock - Mid-Cap Blend,5,0.04%,VMCIX,Buy,1.63%B30 day04/30/2025,4.34%,9.37%,12.92%,8.87%,9.77%(05/21/1998),$5M,$75.01,positive change$0.81(1.09%)
VOE,Mid-Cap Value ETF,Stock - Mid-Cap Value,5,0.07%,VOE,Buy,2.34%B30 day04/30/2025,2.14%,6.93%,13.75%,7.88%,8.41%(08/17/2006),$1,$164.20,positive change$1.73(1.06%)
VMVAX,Mid-Cap Value Index Fund Admiral Shares,Stock - Mid-Cap Value,5,0.07%,VMVAX,Buy,2.36%B30 day04/30/2025,2.18%,7.03%,13.78%,7.89%,11.45%(09/27/2011),$3K,$85.06,positive change$0.89(1.06%)
VMBS,Mortgage-Backed Securities ETF,Bond - Inter-term Government,2,0.03%,VMBS,Buy,4.15%J30 day05/15/2025,2.16%,9.04%,-0.70%,1.07%,1.89%(11/19/2009),$1,$45.56,$0.00(0.00%)
VMBSX,Mortgage-Backed Securities Index Fund Admiral Shares,Bond - Inter-term Government,2,0.06%,VMBSX,Buy,4.12%J30 day05/15/2025,2.21%,9.07%,-0.74%,1.06%,1.87%(12/03/2009),$3K,$18.23,$0.00(0.00%)
VMBIX,Mortgage-Backed Securities Index Fund Institutional Shares,Bond - Inter-term Government,2,0.04%,VMBIX,Buy,4.15%J30 day05/15/2025,2.23%,9.07%,-0.72%,1.07%,1.45%(10/31/2013),$5M,$24.70,$0.00(0.00%)
VMSAX,Multi-Sector Income Bond Fund Admiral Shares,Bond - Inter-term Low Quality,3,0.30%,VMSAX,Buy,5.84%A30 day05/15/2025,2.63%,8.83%,—,—,2.21%(10/12/2021),$50K,$18.08,positive change$0.02(0.11%)
VMSIX,Multi-Sector Income Bond Fund Investor Shares,Bond - Inter-term Low Quality,3,0.45%,VMSIX,Buy,5.74%A30 day05/15/2025,2.65%,8.72%,—,—,2.12%(10/12/2021),$3K,$9.04,positive change$0.01(0.11%)
VMSXX,Municipal Money Market Fund,Money Market,1,0.11%,VMSXX,Buy,2.77%C7 day05/16/2025,1.03%,3.11%,1.72%,1.28%,2.74%(06/10/1980),$3K,$1.00,$0.00(0.00%)
VNJUX,New Jersey Long-Term Tax-Exempt Fund Admiral Shares,Bond - Long-term State Muni,3,0.09%,VNJUX,Buy,4.10%A30 day05/15/2025,-1.51%,2.18%,2.34%,2.93%,4.02%(05/14/2001),$50K,$11.04,positive change$0.01(0.09%)
VNJTX,New Jersey Long-Term Tax-Exempt Fund Investor Shares,Bond - Long-term State Muni,3,0.14%,VNJTX,Buy,4.05%A30 day05/15/2025,-1.53%,2.11%,2.26%,2.85%,5.19%(02/03/1988),$3K,$11.04,positive change$0.01(0.09%)
VNYUX,New York Long-Term Tax-Exempt Fund Admiral Shares,Bond - Long-term State Muni,3,0.09%,VNYUX,Buy,4.11%A30 day05/15/2025,-1.55%,2.00%,1.55%,2.37%,3.83%(05/14/2001),$50K,$10.53,$0.00(0.00%)
VNYTX,New York Long-Term Tax-Exempt Fund Investor Shares,Bond - Long-term State Muni,3,0.14%,VNYTX,Buy,4.06%A30 day05/15/2025,-1.57%,1.92%,1.47%,2.29%,4.97%(04/07/1986),$3K,$10.53,$0.00(0.00%)
VYFXX,New York Municipal Money Market Fund,Money Market,1,0.11%,VYFXX,Buy,2.72%C7 day05/16/2025,1.01%,3.05%,1.67%,1.24%,1.49%(09/03/1997),$3K,$1.00,$0.00(0.00%)
VOHIX,Ohio Long-Term Tax-Exempt Fund,Bond - Long-term State Muni,3,0.09%,VOHIX,Buy,4.26%A30 day05/15/2025,-1.45%,2.48%,1.18%,2.44%,5.01%(06/18/1990),$3K,$11.32,$0.00(0.00%)
VPADX,Pacific Stock Index Fund Admiral Shares,International,5,0.09%,VPADX,Buy,—,9.69%,7.57%,8.20%,4.61%,5.28%(08/13/2001),$3K,$95.72,positive change$0.25(0.26%)
VPKIX,Pacific Stock Index Fund Institutional Shares,International,5,0.07%,VPKIX,Buy,—,9.69%,7.65%,8.22%,4.64%,3.55%(05/15/2000),$5M,$14.65,positive change$0.04(0.27%)
VPALX,Pennsylvania Long-Term Tax-Exempt Fund Admiral Shares,Bond - Long-term State Muni,3,0.09%,VPALX,Buy,4.24%A30 day05/15/2025,-1.36%,1.97%,1.45%,2.58%,3.94%(05/14/2001),$50K,$10.48,$0.00(0.00%)
VPAIX,Pennsylvania Long-Term Tax-Exempt Fund Investor Shares,Bond - Long-term State Muni,3,0.14%,VPAIX,Buy,4.19%A30 day05/15/2025,-1.38%,1.90%,1.37%,2.50%,5.18%(04/07/1986),$3K,$10.48,$0.00(0.00%)
VPCCX,PRIMECAP Core Fund,Stock - Large-Cap Blend,4,0.43%,VPCCX,Buy,1.05%B30 day04/30/2025,2.69%,3.71%,14.42%,10.99%,10.67%(12/09/2004),$3K,$34.34,positive change$0.26(0.76%)
VPMAX,PRIMECAP Fund Admiral Shares,Stock - Large-Cap Growth,5,0.29%,VPMAX,Buy,1.01%B30 day04/30/2025,2.19%,4.46%,14.49%,12.01%,10.82%(11/12/2001),$50K,$169.98,positive change$1.45(0.86%)
VPMCX,PRIMECAP Fund Investor Shares,Stock - Large-Cap Growth,5,0.37%,VPMCX,Buy,0.94%B30 day04/30/2025,2.16%,4.39%,14.41%,11.94%,13.32%(11/01/1984),$3K,$164.08,positive change$1.39(0.85%)
VNQ,Real Estate ETF,Stock - Sector,4,0.13%,VNQ,Buy,note,2.42%,15.57%,7.01%,5.22%,7.40%(09/23/2004),$1,$90.30,positive change$1.13(1.27%)
VGSLX,Real Estate Index Fund Admiral Shares,Stock - Sector,4,0.13%,VGSLX,Buy,note,2.37%,15.71%,7.06%,5.24%,8.83%(11/12/2001),$3K,$127.97,positive change$1.59(1.26%)
VGSNX,Real Estate Index Fund Institutional Shares,Stock - Sector,4,0.11%,VGSNX,Buy,note,2.39%,15.73%,7.07%,5.26%,7.81%(12/02/2003),$5M,$19.81,positive change$0.25(1.28%)
VONE,Russelll 1000 ETF,Stock - Large-Cap Blend,4,0.07%,VONE,Buy,1.27%B30 day04/30/2025,1.69%,11.85%,15.36%,11.92%,13.33%(09/20/2010),$1,$270.40,positive change$1.98(0.74%)
VONG,Russelll 1000 Growth ETF,Stock - Large-Cap Growth,4,0.07%,VONG,Buy,0.58%B30 day04/30/2025,0.15%,14.14%,17.10%,15.13%,15.81%(09/20/2010),$1,$103.31,positive change$0.59(0.57%)
VRGWX,Russelll 1000 Growth Index Fund Institutional Shares,Stock - Large-Cap Growth,4,0.06%,VRGWX,Buy,0.59%B30 day04/30/2025,0.17%,14.45%,17.16%,15.19%,15.31%(12/06/2010),$5M,$794.66,positive change$4.49(0.57%)
VRNIX,Russelll 1000 Index Fund Institutional Shares,Stock - Large-Cap Blend,4,0.06%,VRNIX,Buy,1.28%B30 day04/30/2025,1.80%,11.87%,15.36%,11.95%,13.18%(10/15/2010),$5M,$523.85,positive change$3.85(0.74%)
VONV,Russelll 1000 Value ETF,Stock - Large-Cap Value,4,0.07%,VONV,Buy,2.04%B30 day04/30/2025,3.69%,8.30%,12.88%,8.24%,10.47%(09/20/2010),$1,$83.86,positive change$0.80(0.96%)
VRVIX,Russelll 1000 Value Index Fund Institutional Shares,Stock - Large-Cap Value,4,0.06%,VRVIX,Buy,2.05%B30 day04/30/2025,3.74%,8.49%,12.93%,8.28%,10.13%(12/10/2010),$5M,$327.56,positive change$3.12(0.96%)
VTWO,Russelll 2000 ETF,Stock - Small-Cap Blend,5,0.07%,VTWO,Buy,1.41%B30 day04/30/2025,-4.75%,0.82%,9.93%,6.37%,9.13%(09/20/2010),$1,$84.83,positive change$0.76(0.90%)
VTWG,Russelll 2000 Growth ETF,Stock - Small-Cap Growth,5,0.10%,VTWG,Buy,0.52%B30 day04/30/2025,-4.08%,2.16%,7.56%,6.39%,9.64%(09/20/2010),$1,$201.11,positive change$2.48(1.25%)
VRTGX,Russelll 2000 Growth Index Fund Institutional Shares,Stock - Small-Cap Growth,5,0.07%,VRTGX,Buy,0.54%B30 day04/30/2025,-4.19%,2.48%,7.70%,6.51%,8.36%(05/25/2011),$5M,$383.15,positive change$4.73(1.25%)
VRTIX,Russelll 2000 Index Fund Institutional Shares,Stock - Small-Cap Blend,5,0.07%,VRTIX,Buy,1.41%B30 day04/30/2025,-4.76%,0.91%,9.95%,6.41%,8.08%(12/22/2010),$5M,$324.60,positive change$2.92(0.91%)
VTWV,Russelll 2000 Value ETF,Stock - Small-Cap Value,5,0.10%,VTWV,Buy,2.29%B30 day04/30/2025,-5.28%,-0.90%,11.66%,5.80%,8.18%(09/20/2010),$1,$136.39,positive change$0.73(0.54%)
VRTVX,Russelll 2000 Value Index Fund Institutional Shares,Stock - Small-Cap Value,5,0.07%,VRTVX,Buy,2.32%B30 day04/30/2025,-5.35%,-0.66%,11.78%,5.90%,8.04%(07/13/2012),$5M,$269.01,positive change$1.44(0.54%)
VTHR,Russelll 3000 ETF,Stock - Large-Cap Blend,4,0.07%,VTHR,Buy,1.28%B30 day04/30/2025,1.34%,11.29%,15.03%,11.55%,13.04%(09/20/2010),$1,$262.71,positive change$1.95(0.75%)
VRTTX,Russelll 3000 Index Fund Institutional Shares,Stock - Large-Cap Blend,4,0.07%,VRTTX,Buy,1.28%B30 day04/30/2025,1.48%,11.31%,15.05%,11.60%,12.89%(11/01/2010),$5M,$508.54,positive change$3.77(0.75%)
VOO,S&P 500 ETF,Stock - Large-Cap Blend,4,0.03%,VOO,Buy,1.32%B30 day04/30/2025,1.74%,11.93%,15.56%,12.27%,13.86%(09/07/2010),$1,$546.41,positive change$3.87(0.71%)
VOOG,S&P 500 Growth ETF,Stock - Large-Cap Growth,4,0.07%,VOOG,Buy,0.60%B30 day04/30/2025,2.47%,16.97%,15.87%,14.01%,15.39%(09/07/2010),$1,$374.96,positive change$2.47(0.66%)
VSPGX,S&P 500 Growth Index Fund Institutional Shares,Stock - Large-Cap Growth,4,0.05%,VSPGX,Buy,0.62%B30 day04/30/2025,2.61%,17.42%,15.96%,—,14.70%(04/05/2019),$5M,$852.97,positive change$5.62(0.66%)
VOOV,S&P 500 Value ETF,Stock - Large-Cap Value,4,0.07%,VOOV,Buy,2.00%B30 day04/30/2025,0.78%,4.72%,13.86%,9.40%,11.45%(09/07/2010),$1,$185.21,positive change$1.41(0.77%)
VSPVX,S&P 500 Value Index Fund Institutional Shares,Stock - Large-Cap Value,4,0.05%,VSPVX,Buy,2.02%B30 day04/30/2025,0.87%,4.93%,13.93%,9.47%,9.32%(03/03/2015),$5M,$406.21,positive change$3.10(0.77%)
IVOO,S&P Mid-Cap 400 ETF,Stock - Mid-Cap Blend,5,0.07%,IVOO,Buy,1.54%B30 day04/30/2025,-0.42%,0.93%,13.19%,8.21%,11.07%(09/07/2010),$1,$104.58,positive change$1.10(1.06%)
IVOG,S&P Mid-Cap 400 Growth ETF,Stock - Mid-Cap Growth,5,0.10%,IVOG,Buy,0.85%B30 day04/30/2025,-0.06%,-2.75%,11.21%,8.19%,11.06%(09/07/2010),$1,$112.49,positive change$1.34(1.21%)
VMFGX,S&P Mid-Cap 400 Growth Index Fund Institutional Shares,Stock - Mid-Cap Growth,5,0.03%,VMFGX,Buy,0.91%B30 day04/30/2025,-0.22%,-2.44%,11.35%,8.31%,9.52%(03/28/2011),$5M,$448.52,positive change$5.35(1.21%)
VSPMX,S&P Mid-Cap 400 Index Fund Institutional Shares,Stock - Mid-Cap Blend,5,0.03%,VSPMX,Buy,1.59%B30 day04/30/2025,-0.53%,1.13%,13.26%,8.28%,9.61%(03/28/2011),$5M,$417.22,positive change$4.41(1.07%)
IVOV,S&P Mid-Cap 400 Value ETF,Stock - Mid-Cap Value,5,0.10%,IVOV,Buy,2.21%B30 day04/30/2025,-0.91%,4.86%,14.88%,7.80%,10.73%(09/07/2010),$1,$94.74,positive change$0.86(0.92%)
VMFVX,S&P Mid-Cap 400 Value Index Fund Institutional Shares,Stock - Mid-Cap Value,5,0.03%,VMFVX,Buy,2.30%B30 day04/30/2025,-0.87%,5.12%,15.01%,7.92%,10.25%(11/02/2010),$5M,$380.10,positive change$3.45(0.92%)
VIOO,S&P Small-Cap 600 ETF,Stock - Small-Cap Blend,5,0.07%,VIOO,Buy,1.80%B30 day04/30/2025,-5.52%,-2.21%,11.30%,7.24%,10.67%(09/07/2010),$1,$100.17,positive change$0.83(0.84%)
VIOG,S&P Small-Cap 600 Growth ETF,Stock - Small-Cap Growth,5,0.10%,VIOG,Buy,1.13%B30 day04/30/2025,-2.65%,-1.88%,10.41%,7.80%,11.26%(09/07/2010),$1,$113.00,positive change$1.16(1.04%)
VSMSX,S&P Small-Cap 600 Index Fund Institutional Shares,Stock - Small-Cap Blend,5,0.03%,VSMSX,Buy,1.84%B30 day04/30/2025,-5.53%,-1.97%,11.38%,7.30%,8.91%(04/01/2011),$5M,$403.03,positive change$3.35(0.84%)
VIOV,S&P Small-Cap 600 Value ETF,Stock - Small-Cap Value,5,0.10%,VIOV,Buy,2.47%B30 day04/30/2025,-8.49%,-2.61%,11.87%,6.36%,9.83%(09/07/2010),$1,$85.20,positive change$0.53(0.63%)
VSMVX,S&P Small-Cap 600 Value Index Fund Institutional Shares,Stock - Small-Cap Value,5,0.03%,VSMVX,Buy,2.52%B30 day04/30/2025,-8.42%,-2.56%,11.95%,6.47%,6.53%(11/19/2014),$5M,$356.67,positive change$2.23(0.63%)
VASVX,Selected Value Fund,Stock - Mid-Cap Value,5,0.42%,VASVX,Buy,2.05%B30 day04/30/2025,0.78%,1.16%,17.25%,8.04%,8.86%(02/15/1996),$3K,$27.27,positive change$0.24(0.89%)
VSDBShort Duration Bond ETF,Bond - Short-term Investment,1,0.15%,VSDB,Buy,4.61%A30 day05/15/2025,—,—,—,—,0.74%(04/01/2025),$1,$75.09,$0.00(0.00%)
VSDMShort Duration Tax-Exempt Bond ETF,Bond - Short-term National Muni,2,0.12%,VSDM,Buy,3.56%A30 day05/15/2025,1.29%,—,—,—,1.04%(11/19/2024),$1,$74.99,positive change$0.03(0.04%)
BSVShort-Term Bond ETF,Bond - Short-term Investment,1,0.03%,BSV,Buy,4.12%A30 day05/15/2025,2.19%,7.52%,1.24%,1.81%,2.49%(04/03/2007),$1,$77.97,negative change-$0.02(-0.03%)
VBIRXShort-Term Bond Index Fund Admiral Shares,Bond - Short-term Investment,1,0.06%,VBIRX,Buy,4.10%A30 day05/15/2025,2.31%,7.49%,1.22%,1.79%,2.65%(11/12/2001),$3K,$10.22,$0.00(0.00%)
VBIPXShort-Term Bond Index Fund Institutional Plus,Bond - Short-term Investment,1,0.03%,VBIPX,Buy,4.13%A30 day05/15/2025,2.32%,7.52%,1.25%,1.82%,1.72%(09/29/2011),$100M,$10.22,$0.00(0.00%)
VBITXShort-Term Bond Index Fund Institutional Shares,Bond - Short-term Investment,1,0.04%,VBITX,Buy,4.12%A30 day05/15/2025,2.32%,7.51%,1.24%,1.81%,1.70%(09/27/2011),$5M,$10.22,$0.00(0.00%)
VCSHShort-Term Corporate Bond ETF,Bond - Short-term Investment,1,0.03%,VCSH,Buy,4.70%A30 day05/15/2025,2.38%,7.75%,2.27%,2.48%,2.82%(11/19/2009),$1,$78.69,positive change$0.01(0.01%)
VSCSXShort-Term Corporate Bond Index Fund Admiral Shares,Bond - Short-term Investment,1,0.06%,VSCSX,Buy,4.67%A30 day05/15/2025,2.32%,7.76%,2.34%,2.47%,2.59%(11/18/2010),$3K,$21.43,$0.00(0.00%)
VSTBXShort-Term Corporate Bond Index Fund Institutional Shares,Bond - Short-term Investment,1,0.04%,VSTBX,Buy,4.69%A30 day05/15/2025,2.32%,7.78%,2.36%,2.49%,2.84%(11/19/2009),$5M,$26.23,$0.00(0.00%)
VSGDXShort-Term Federal Fund Admiral Shares,Bond - Short-term Government,1,0.10%,VSGDX,Buy,3.72%A30 day05/15/2025,2.14%,7.35%,1.33%,1.70%,2.80%(02/12/2001),$50K,$10.23,negative change-$0.01(-0.10%)
VSGBXShort-Term Federal Fund Investor Shares,Bond - Short-term Government,1,0.20%,VSGBX,Buy,3.61%A30 day05/15/2025,2.10%,7.24%,1.23%,1.60%,4.25%(12/31/1987),$3K,$10.23,negative change-$0.01(-0.10%)
VTIP,Short-Term Inflation-Protected Securities ETF,Bond - Short-term Government,1,0.03%,VTIP,Buy,1.19%GA30 day05/15/2025,3.22%,8.05%,4.03%,2.81%,2.14%(10/12/2012),$1,$49.84,positive change$0.03(0.06%)
VTAPX,Short-Term Inflation-Protected Securities Index Fund Admiral Shares,Bond - Short-term Government,1,0.06%,VTAPX,Buy,1.16%GA30 day05/15/2025,3.20%,7.95%,4.02%,2.80%,2.13%(10/16/2012),$3K,$25.01,positive change$0.02(0.08%)
VTSPX,Short-Term Inflation-Protected Securities Index Fund Institutional Shares,Bond - Short-term Government,1,0.03%,VTSPX,Buy,1.19%GA30 day05/15/2025,3.16%,7.97%,4.04%,2.82%,2.15%(10/17/2012),$5M,$25.02,positive change$0.01(0.04%)
VFSUX,Short-Term Investment-Grade Fund Admiral Shares,Bond - Short-term Investment,1,0.09%,VFSUX,Buy,4.71%A30 day05/15/2025,2.40%,7.97%,2.34%,2.41%,3.32%(02/12/2001),$50K,$10.38,$0.00(0.00%)
VFSIX,Short-Term Investment-Grade Fund Institutional Shares,Bond - Short-term Investment,1,0.07%,VFSIX,Buy,4.73%A30 day05/15/2025,2.41%,8.00%,2.37%,2.44%,3.73%(09/30/1997),$5M,$10.38,$0.00(0.00%)
VFSTX,Short-Term Investment-Grade Fund Investor Shares,Bond - Short-term Investment,1,0.20%,VFSTX,Buy,4.60%A30 day05/15/2025,2.36%,7.86%,2.24%,2.31%,5.43%(10/29/1982),$3K,$10.38,$0.00(0.00%)
VTES,Short-Term Tax-Exempt Bond ETF,Bond - Short-term National Muni,2,0.06%,VTES,Buy,3.22%A30 day05/15/2025,0.86%,3.18%,—,—,2.78%(03/07/2023),$1,$100.12,positive change$0.03(0.03%)
VGSH,Short-Term Treasury ETF,Bond - Short-term Government,1,0.03%,VGSH,Buy,3.91%A30 day05/15/2025,1.84%,6.69%,1.25%,1.52%,1.30%(11/19/2009),$1,$58.43,negative change-$0.02(-0.03%)
VFIRX,Short-Term Treasury Fund Admiral Shares,Bond - Short-term Government,1,0.10%,VFIRX,Buy,3.87%A30 day05/15/2025,2.09%,7.00%,1.13%,1.52%,2.58%(02/13/2001),$50K,$9.86,$0.00(0.00%)
VFISX,Short-Term Treasury Fund Investor Shares,Bond - Short-term Government,1,0.20%,VFISX,Buy,3.77%A30 day05/15/2025,2.05%,6.89%,1.03%,1.42%,3.49%(10/28/1991),$3K,$9.86,$0.00(0.00%)
VSBSX,Short-Term Treasury Index Fund Admiral Shares,Bond - Short-term Government,1,0.06%,VSBSX,Buy,3.87%A30 day05/15/2025,1.83%,6.64%,1.22%,1.50%,1.33%(12/28/2009),$3K,$19.49,negative change-$0.01(-0.05%)
VSBIX,Short-Term Treasury Index Fund Institutional Shares,Bond - Short-term Government,1,0.04%,VSBIX,Buy,3.89%A30 day05/15/2025,1.87%,6.65%,1.23%,1.52%,1.26%(08/23/2010),$5M,$24.49,negative change-$0.01(-0.04%)
VB,Small-Cap ETF,Stock - Small-Cap Blend,5,0.05%,VB,Buy,1.55%B30 day04/30/2025,-1.91%,2.65%,11.94%,7.66%,8.61%(01/26/2004),$1,$234.62,positive change$2.40(1.03%)
VBK,Small-Cap Growth ETF,Stock - Small-Cap Growth,5,0.07%,VBK,Buy,0.61%B30 day04/30/2025,-2.91%,3.14%,7.80%,7.37%,8.45%(01/26/2004),$1,$271.38,positive change$3.26(1.22%)
VSGAX,Small-Cap Growth Index Fund Admiral Shares,Stock - Small-Cap Growth,5,0.07%,VSGAX,Buy,0.61%B30 day04/30/2025,-2.91%,3.27%,7.82%,7.38%,10.47%(09/27/2011),$3K,$95.42,positive change$1.15(1.22%)
VSGIX,Small-Cap Growth Index Fund Institutional Shares,Stock - Small-Cap Growth,5,0.06%,VSGIX,Buy,0.62%B30 day04/30/2025,-2.92%,3.27%,7.84%,7.39%,8.58%(05/24/2000),$5M,$76.41,positive change$0.91(1.21%)
VSMAX,Small-Cap Index Fund Admiral Shares,Stock - Small-Cap Blend,5,0.05%,VSMAX,Buy,1.55%B30 day04/30/2025,-1.97%,2.68%,11.94%,7.67%,8.64%(11/13/2000),$3K,$112.43,positive change$1.15(1.03%)
VSCPX,Small-Cap Index Fund Institutional Plus Shares,Stock - Small-Cap Blend,5,0.03%,VSCPX,Buy,1.59%B30 day04/30/2025,-1.97%,2.70%,11.96%,7.69%,9.57%(12/17/2010),$100M,$324.50,positive change$3.32(1.03%)
VSCIX,Small-Cap Index Fund Institutional Shares,Stock - Small-Cap Blend,5,0.04%,VSCIX,Buy,1.58%B30 day04/30/2025,-1.97%,2.68%,11.95%,7.68%,8.56%(07/07/1997),$5M,$112.42,positive change$1.15(1.03%)
VBR,Small-Cap Value ETF,Stock - Small-Cap Value,5,0.07%,VBR,Buy,2.20%B30 day04/30/2025,-1.27%,2.04%,14.77%,7.47%,8.39%(01/26/2004),$1,$194.41,positive change$1.73(0.90%)
VSIAX,Small-Cap Value Index Fund Admiral Shares,Stock - Small-Cap Value,5,0.07%,VSIAX,Buy,2.21%B30 day04/30/2025,-1.27%,2.12%,14.79%,7.47%,11.03%(09/27/2011),$3K,$83.54,positive change$0.75(0.91%)
VSIIX,Small-Cap Value Index Fund Institutional Shares,Stock - Small-Cap Value,5,0.06%,VSIIX,Buy,2.21%B30 day04/30/2025,-1.28%,2.14%,14.80%,7.48%,9.46%(12/07/1999),$5M,$46.69,positive change$0.41(0.89%)
VCPSX,STAR Core-Plus Bond Fund Institutional SharesCLOSED,Bond - Inter-term Investment,2,0.20%,VCPSX,,5.01%A30 day05/15/2025,—,—,—,—,0.93%(03/12/2025),Closed,$9.94,$0.00(0.00%)
VGSTX,STAR Fund,Balanced,3,0.30%,VGSTX,Buy,1.10%B30 day04/30/2025,3.89%,7.94%,8.08%,6.98%,9.08%(03/29/1985),$1K,$28.55,positive change$0.09(0.32%)
VSEQX,Strategic Equity Fund,Stock - Mid-Cap Blend,5,0.17%,VSEQX,Buy,1.34%B30 day04/30/2025,-0.11%,4.32%,15.78%,8.78%,10.34%(08/14/1995),$3K,$36.10,positive change$0.34(0.95%)
VSTCX,Strategic Small-Cap Equity Fund,Stock - Small-Cap Blend,5,0.21%,VSTCX,Buy,1.31%B30 day04/30/2025,-3.49%,1.76%,15.67%,7.81%,7.57%(04/24/2006),$3K,$38.15,positive change$0.33(0.87%)
VTWNX,Target Retirement 2020 Fund,Balanced,3,0.08%,VTWNX,Buy,3.11%B30 day04/30/2025,3.63%,9.49%,6.28%,5.46%,6.01%(06/07/2006),$1K,$27.44,positive change$0.06(0.22%)
VTTVX,Target Retirement 2025 Fund,Balanced,3,0.08%,VTTVX,Buy,2.91%B30 day04/30/2025,4.12%,10.12%,7.46%,6.14%,6.64%(10/27/2003),$1K,$19.46,positive change$0.05(0.26%)
VTHRX,Target Retirement 2030 Fund,Balanced,3,0.08%,VTHRX,Buy,2.80%B30 day04/30/2025,4.36%,10.31%,8.45%,6.66%,6.72%(06/07/2006),$1K,$39.53,positive change$0.14(0.36%)
VTTHX,Target Retirement 2035 Fund,Balanced,4,0.08%,VTTHX,Buy,2.66%B30 day04/30/2025,4.67%,10.70%,9.50%,7.21%,7.45%(10/27/2003),$1K,$25.10,positive change$0.10(0.40%)
VFORX,Target Retirement 2040 Fund,Balanced,4,0.08%,VFORX,Buy,2.52%B30 day04/30/2025,4.86%,10.98%,10.54%,7.72%,7.42%(06/07/2006),$1K,$45.32,positive change$0.18(0.40%)
VTIVX,Target Retirement 2045 Fund,Balanced,4,0.08%,VTIVX,Buy,2.38%B30 day04/30/2025,5.09%,11.20%,11.56%,8.19%,8.14%(10/27/2003),$1K,$31.18,positive change$0.13(0.42%)
VFIFX,Target Retirement 2050 Fund,Balanced,4,0.08%,VFIFX,Buy,2.24%B30 day04/30/2025,5.50%,11.44%,11.84%,8.32%,7.76%(06/07/2006),$1K,$52.58,positive change$0.25(0.48%)
VFFVX,Target Retirement 2055 Fund,Balanced,4,0.08%,VFFVX,Buy,2.24%B30 day04/30/2025,5.48%,11.44%,11.84%,8.30%,9.89%(08/18/2010),$1K,$58.66,positive change$0.27(0.46%)
VTTSX,Target Retirement 2060 Fund,Balanced,4,0.08%,VTTSX,Buy,2.24%B30 day04/30/2025,5.48%,11.42%,11.84%,8.30%,9.67%(01/19/2012),$1K,$54.06,positive change$0.25(0.46%)
VLXVX,Target Retirement 2065 Fund,Balanced,4,0.08%,VLXVX,Buy,2.24%B30 day04/30/2025,5.50%,11.42%,11.85%,—,8.89%(07/12/2017),$1K,$35.47,positive change$0.17(0.48%)
VSVNX,Target Retirement 2070 Fund,Balanced,4,0.08%,VSVNX,Buy,2.23%B30 day04/30/2025,5.51%,11.36%,—,—,12.49%(06/28/2022),$1K,$28.15,positive change$0.14(0.50%)
VTINX,Target Retirement Income Fund,Balanced,2,0.08%,VTINX,Buy,3.19%B30 day04/30/2025,3.44%,9.18%,4.44%,4.20%,4.98%(10/27/2003),$1K,$13.47,positive change$0.02(0.15%)
VTEB,Tax-Exempt Bond ETF,Bond - Inter-term National Muni,2,0.03%,VTEB,Buy,3.95%A30 day05/15/2025,-1.09%,1.86%,1.22%,—,2.05%(08/21/2015),$1,$49.00,positive change$0.03(0.06%)
VTEAX,Tax-Exempt Bond Index Fund Admiral Shares,Bond - Inter-term National Muni,2,0.07%,VTEAX,Buy,3.91%A30 day05/15/2025,-1.14%,1.64%,1.13%,—,2.02%(08/25/2015),$3K,$19.61,positive change$0.02(0.10%)
VTMFX,Tax-Managed Balanced Fund Admiral Shares,Balanced,3,0.09%,VTMFX,Buy,2.50%B30 day04/30/2025,1.00%,6.96%,8.31%,7.05%,7.49%(09/06/1994),$10K,$45.41,positive change$0.18(0.40%)
VTCLX,Tax-Managed Capital Appreciation Fund Admiral Shares,Stock - Large-Cap Blend,4,0.09%,VTCLX,Buy,1.08%B30 day04/30/2025,1.78%,11.42%,15.38%,12.11%,10.46%(09/06/1994),$10K,$307.02,positive change$2.25(0.74%)
VTCIX,Tax-Managed Capital Appreciation Fund Institutional Shares,Stock - Large-Cap Blend,4,0.06%,VTCIX,Buy,1.10%B30 day04/30/2025,1.79%,11.46%,15.41%,12.15%,8.21%(02/24/1999),$5M,$152.54,positive change$1.11(0.73%)
VTMSX,Tax-Managed Small-Cap Fund Admiral Shares,Stock - Small-Cap Blend,5,0.09%,VTMSX,Buy,1.71%B30 day04/30/2025,-5.51%,-2.00%,11.31%,7.24%,9.51%(03/25/1999),$10K,$88.51,positive change$0.74(0.84%)
VTSIX,Tax-Managed Small-Cap Fund Institutional Shares,Stock - Small-Cap Blend,5,0.06%,VTSIX,Buy,1.73%B30 day04/30/2025,-5.50%,-1.97%,11.34%,7.28%,9.29%(04/21/1999),$5M,$88.71,positive change$0.74(0.84%)
BND,Total Bond Market ETF,Bond - Inter-term Investment,2,0.03%,BND,Buy,4.44%A30 day05/15/2025,2.08%,7.95%,-0.68%,1.53%,3.03%(04/03/2007),$1,$72.41,positive change$0.03(0.04%)
VBTLX,Total Bond Market Index Fund Admiral Shares,Bond - Inter-term Investment,2,0.04%,VBTLX,Buy,4.44%A30 day05/15/2025,2.10%,7.94%,-0.67%,1.52%,3.31%(11/12/2001),$3K,$9.54,positive change$0.01(0.10%)
VBMPX,Total Bond Market Index Fund Institutional Plus Shares,Bond - Inter-term Investment,2,0.02%,VBMPX,Buy,4.46%A30 day05/15/2025,2.10%,7.96%,-0.65%,1.54%,2.41%(02/05/2010),$100M,$9.54,positive change$0.01(0.10%)
VBTIX,Total Bond Market Index Fund Institutional Shares,Bond - Inter-term Investment,2,0.025%,VBTIX,Buy,4.46%A30 day05/15/2025,2.10%,7.95%,-0.65%,1.53%,4.24%(09/18/1995),$5M,$9.54,positive change$0.01(0.10%)
VTC,Total Corporate Bond ETF,Bond - Inter-term Investment,2,0.03%,VTC,Buy,5.23%B30 day04/30/2025,1.70%,7.59%,0.38%,—,1.97%(11/07/2017),$1,$75.69,positive change$0.09(0.12%)
BNDX,Total International Bond ETF,International,2,0.07%,BNDX,Buy,3.00%A30 day05/15/2025,0.88%,6.79%,0.13%,1.96%,2.48%(05/31/2013),$1,$49.06,positive change$0.06(0.12%)
VTABX,Total International Bond Index Fund Admiral Shares,International,2,0.10%,VTABX,Buy,2.96%A30 day05/15/2025,0.93%,6.58%,0.04%,1.92%,2.43%(05/31/2013),$3K,$19.65,positive change$0.02(0.10%)
VTIFX,Total International Bond Index Fund Institutional Shares,International,2,0.06%,VTIFX,Buy,3.01%A30 day05/15/2025,0.98%,6.59%,0.08%,1.96%,2.48%(05/31/2013),$5M,$29.49,positive change$0.04(0.14%)
VXUS,Total International Stock ETF,International,5,0.05%,VXUS,Buy,—,12.83%,11.98%,10.52%,5.02%,4.81%(01/26/2011),$1,$66.25,positive change$0.11(0.17%)
VTIAX,Total International Stock Index Fund Admiral Shares,International,5,0.09%,VTIAX,Buy,—,12.76%,12.18%,10.40%,5.01%,5.38%(11/29/2010),$3K,$35.63,positive change$0.06(0.17%)
VTPSX,Total International Stock Index Fund Institutional Plus Shares,International,5,0.05%,VTPSX,Buy,—,12.76%,12.23%,10.44%,5.05%,5.51%(11/30/2010),$100M,$142.50,positive change$0.23(0.16%)
VTSNX,Total International Stock Index Fund Institutional Shares,International,5,0.06%,VTSNX,Buy,—,12.76%,12.21%,10.43%,5.04%,5.41%(11/29/2010),$5M,$142.47,positive change$0.24(0.17%)
VTI,Total Stock Market ETF,Stock - Large-Cap Blend,4,0.03%,VTI,Buy,1.32%B30 day04/30/2025,1.31%,11.21%,15.04%,11.61%,8.51%(05/24/2001),$1,$292.73,positive change$2.19(0.75%)
VTSAX,Total Stock Market Index Fund Admiral Shares,Stock - Large-Cap Blend,4,0.04%,VTSAX,Buy,1.30%B30 day04/30/2025,1.40%,11.25%,15.02%,11.61%,8.15%(11/13/2000),$3K,$142.50,positive change$1.07(0.76%)
VSMPX,Total Stock Market Index Fund Institutional Plus Shares,Stock - Large-Cap Blend,4,0.02%,VSMPX,Buy,1.33%B30 day04/30/2025,1.40%,11.27%,15.04%,11.64%,11.46%(04/28/2015),$100M,$267.35,positive change$1.99(0.75%)
VITSX,Total Stock Market Index Fund Institutional Shares,Stock - Large-Cap Blend,4,0.03%,VITSX,Buy,1.31%B30 day04/30/2025,1.40%,11.27%,15.03%,11.62%,8.79%(07/07/1997),$5M,$142.52,positive change$1.06(0.75%)
BNDW,Total World Bond ETF,International,2,0.05%,BNDW,Buy,3.97%B30 day04/30/2025,1.54%,7.46%,-0.26%,—,1.72%(09/04/2018),$1,$68.49,positive change$0.04(0.06%)
VT,Total World Stock ETF,International,4,0.06%,VT,Buy,—,5.57%,11.62%,13.25%,8.69%,7.45%(06/24/2008),$1,$123.60,positive change$0.65(0.53%)
VTWAX,Total World Stock Index Fund Admiral Shares,International,4,0.09%,VTWAX,Buy,—,5.63%,11.70%,13.17%,—,10.68%(02/07/2019),$3K,$43.79,positive change$0.23(0.53%)
VTWIX,Total World Stock Index Fund Institutional Shares,International,4,0.07%,VTWIX,Buy,—,5.61%,11.73%,13.19%,8.70%,10.36%(10/09/2008),$5M,$252.41,positive change$1.32(0.53%)
VUSXX,Treasury Money Market Fund,Money Market,1,0.07%,VUSXX,Buy,4.23%C7 day05/16/2025,1.60%,4.88%,2.64%,1.85%,2.47%(12/14/1992),$3K,$1.00,$0.00(0.00%)
VWUAX,U.S. Growth Fund Admiral Shares,Stock - Large-Cap Growth,4,0.22%,VWUAX,Buy,0.21%B30 day04/30/2025,1.76%,14.17%,13.15%,13.34%,8.33%(08/13/2001),$50K,$188.29,positive change$0.94(0.50%)
VWUSX,U.S. Growth Fund Investor Shares,Stock - Large-Cap Growth,4,0.32%,VWUSX,Buy,0.12%B30 day04/30/2025,1.72%,14.07%,13.04%,13.22%,10.80%(01/06/1959),$3K,$72.66,positive change$0.36(0.50%)
VFMV,U.S. Minimum Volatility ETF,Stock - Domestic Stock - General,4,0.13%,VFMV,Buy,1.91%B30 day04/30/2025,6.07%,15.84%,12.06%,—,9.44%(02/13/2018),$1,$127.25,positive change$1.19(0.94%)
VFMO,U.S. Momentum Factor ETF,Stock - Domestic Stock - General,5,0.13%,VFMO,Buy,0.91%B30 day04/30/2025,0.52%,8.32%,15.87%,—,11.41%(02/13/2018),$1,$164.78,positive change$1.82(1.12%)
VFMF,U.S. Multifactor ETF,Stock - Domestic Stock - General,4,0.18%,VFMF,Buy,1.64%B30 day04/30/2025,1.74%,4.83%,16.38%,—,9.07%(02/13/2018),$1,$132.13,positive change$1.13(0.86%)
VFMFX,U.S. Multifactor Fund Admiral Shares,Stock - Domestic Stock - General,4,0.18%,VFMFX,Buy,1.62%B30 day04/30/2025,1.06%,4.51%,16.34%,—,8.46%(02/15/2018),$50K,$41.82,positive change$0.37(0.89%)
VFQY,U.S. Quality Factor ETF,Stock - Domestic Stock - General,5,0.13%,VFQY,Buy,1.25%B30 day04/30/2025,0.82%,3.14%,14.17%,—,9.59%(02/13/2018),$1,$141.57,positive change$1.28(0.91%)
VFVA,U.S. Value Factor ETF,Stock - Domestic Stock - General,5,0.13%,VFVA,Buy,2.24%B30 day04/30/2025,-0.37%,-1.76%,16.60%,—,7.51%(02/13/2018),$1,$117.30,positive change$0.92(0.79%)
VUSB,Ultra-Short Bond ETF,Bond - Short-term Investment,1,0.10%,VUSB,Buy,4.68%A30 day05/15/2025,1.74%,6.04%,—,—,3.08%(04/05/2021),$1,$49.66,$0.00(0.00%)
VGUS,Ultra-Short Treasury ETF,Bond - Short-term Investment,1,0.07%,VGUS,Buy,4.19%A30 day05/15/2025,—,—,—,—,1.02%(02/07/2025),$1,$75.37,positive change$0.02(0.03%)
VUSFX,Ultra-Short-Term Bond Fund Admiral Shares,Bond - Short-term Investment,1,0.09%,VUSFX,Buy,4.72%A30 day05/15/2025,1.69%,5.94%,2.86%,2.29%,2.26%(02/24/2015),$50K,$20.04,$0.00(0.00%)
VUBFX,Ultra-Short-Term Bond Fund Investor Shares,Bond - Short-term Investment,1,0.20%,VUBFX,Buy,4.61%A30 day05/15/2025,1.70%,5.89%,2.77%,2.20%,2.17%(02/24/2015),$3K,$10.02,$0.00(0.00%)
VWSUX,Ultra-Short-Term Tax-Exempt Fund Admiral Shares,Bond - Short-term National Muni,1,0.09%,VWSUX,Buy,3.44%A30 day05/15/2025,1.21%,3.73%,1.91%,1.55%,1.94%(02/12/2001),$50K,$15.76,positive change$0.01(0.06%)
VWSTX,Ultra-Short-Term Tax-Exempt Fund Investor Shares,Bond - Short-term National Muni,1,0.17%,VWSTX,Buy,3.36%A30 day05/15/2025,1.18%,3.64%,1.83%,1.47%,3.55%(09/01/1977),$3K,$15.76,positive change$0.01(0.06%)
VPU,Utilities ETF,Stock - Sector,5,0.09%,VPU,Buy,2.88%B30 day04/30/2025,9.46%,21.74%,9.76%,9.35%,9.54%(01/26/2004),$1,$177.56,positive change$2.52(1.44%)
VUIAX,Utilities Index Fund Admiral Shares,Stock - Sector,5,0.09%,VUIAX,Buy,2.88%B30 day04/30/2025,9.43%,21.74%,9.78%,9.36%,9.64%(04/28/2004),$100K,$89.09,positive change$1.27(1.45%)
VTV,Value ETF,Stock - Large-Cap Value,4,0.04%,VTV,Buy,2.27%B30 day04/30/2025,2.84%,8.89%,13.85%,9.76%,8.60%(01/26/2004),$1,$173.08,positive change$1.70(0.99%)
VVIAX,Value Index Fund Admiral Shares,Stock - Large-Cap Value,4,0.05%,VVIAX,Buy,2.26%B30 day04/30/2025,2.84%,8.96%,13.86%,9.77%,7.38%(11/13/2000),$3K,$67.52,positive change$0.66(0.99%)
VIVIX,Value Index Fund Institutional Shares,Stock - Large-Cap Value,4,0.04%,VIVIX,Buy,2.27%B30 day04/30/2025,2.86%,8.97%,13.87%,9.78%,7.35%(07/02/1998),$5M,$67.52,positive change$0.66(0.99%)
VWIAX,Wellesley Income Fund Admiral Shares,Balanced,3,0.16%,VWIAX,Buy,3.94%B30 day04/30/2025,2.80%,8.77%,4.89%,5.30%,6.41%(05/14/2001),$50K,$61.10,positive change$0.22(0.36%)
VWINX,Wellesley Income Fund Investor Shares,Balanced,3,0.23%,VWINX,Buy,3.87%B30 day04/30/2025,2.79%,8.71%,4.82%,5.23%,9.16%(07/01/1970),$3K,$25.23,positive change$0.10(0.40%)
VWENX,Wellington Fund Admiral Shares,Balanced,3,0.17%,VWENX,Buy,2.38%B30 day04/30/2025,2.54%,10.30%,9.46%,8.06%,7.83%(05/14/2001),$50K,$75.39,positive change$0.33(0.44%)
VWELX,Wellington Fund Investor Shares,Balanced,3,0.25%,VWELX,Buy,2.31%B30 day04/30/2025,2.51%,10.22%,9.37%,7.98%,8.28%(07/01/1929),$3K,$43.66,positive change$0.19(0.44%)
VWNEX,Windsor Fund Admiral Shares,Stock - Large-Cap Value,4,0.26%,VWNEX,Buy,2.18%B30 day04/30/2025,1.49%,3.88%,15.26%,8.95%,8.13%(11/12/2001),$50K,$71.69,positive change$0.63(0.89%)
VWNDX,Windsor Fund Investor Shares,Stock - Large-Cap Value,4,0.36%,VWNDX,Buy,2.07%B30 day04/30/2025,1.43%,3.80%,15.15%,8.84%,11.15%(10/23/1958),$3K,$21.26,positive change$0.19(0.90%)
VWNAX,Windsor II Fund Admiral Shares,Stock - Large-Cap Value,4,0.23%,VWNAX,Buy,1.65%B30 day04/30/2025,2.79%,5.75%,15.21%,9.94%,8.02%(05/14/2001),$50K,$80.74,positive change$0.53(0.66%)
VWNFX,Windsor II Fund Investor Shares,Stock - Large-Cap Value,4,0.32%,VWNFX,Buy,1.57%B30 day04/30/2025,2.73%,5.66%,15.12%,9.85%,10.71%(06/24/1985),$3K,$45.50,positive change$0.29(0.64%)
